timestamp,user,system,idle,interrupt,dpc,total,available,percent,used,free,read_count,write_count,read_bytes,write_bytes,read_time,write_time,label
1703089256248,0.0,0.0,81.2,0.0,0.0,16889778176,8152154112,51.7,8737624064,8152154112,2991063,1893560,58697782784,51204840448,3602,1389,0
1703089257261,1.6,7.8,81.2,1.6,1.6,16889778176,8171167744,51.6,8718610432,8171167744,2991063,1893573,58697782784,51204918272,3602,1389,0
1703089258269,0.0,1.6,82.8,0.0,0.0,16889778176,8171950080,51.6,8717828096,8171950080,2991064,1893574,58697786880,51204926464,3602,1389,0
1703089259282,0.0,0.0,81.2,0.0,0.0,16889778176,8171995136,51.6,8717783040,8171995136,2991064,1893636,58697786880,51205520384,3602,1389,0
1703089260298,0.0,0.0,82.8,0.0,0.0,16889778176,8172617728,51.6,8717160448,8172617728,2991064,1893642,58697786880,51205749760,3602,1389,0
1703089261301,0.0,1.6,89.1,0.0,0.0,16889778176,8174755840,51.6,8715022336,8174755840,2991064,1893646,58697786880,51205790720,3602,1389,0
1703089262317,0.0,0.0,96.9,0.0,0.0,16889778176,8175456256,51.6,8714321920,8175456256,2991064,1893647,58697786880,51205798912,3602,1389,0
1703089263329,0.0,0.0,84.4,0.0,0.0,16889778176,8172785664,51.6,8716992512,8172785664,2991064,1893651,58697786880,51205835776,3602,1389,0
1703089264343,0.0,0.0,96.9,0.0,0.0,16889778176,8174219264,51.6,8715558912,8174219264,2991064,1893654,58697786880,51205929984,3602,1389,0
1703089265345,0.0,1.6,89.1,0.0,0.0,16889778176,8173428736,51.6,8716349440,8173428736,2991064,1893659,58697786880,51206052864,3602,1389,0
1703089266359,0.0,0.0,78.1,0.0,0.0,16889778176,8174325760,51.6,8715452416,8174325760,2991064,1893660,58697786880,51206061056,3602,1389,0
1703089267373,1.6,0.0,82.8,0.0,0.0,16889778176,8172580864,51.6,8717197312,8172580864,2991064,1893667,58697786880,51206122496,3602,1389,0
1703089268385,0.0,0.0,87.5,0.0,0.0,16889778176,8173580288,51.6,8716197888,8173580288,2991064,1893677,58697786880,51206167552,3602,1389,0
1703089269388,0.0,1.6,79.7,0.0,0.0,16889778176,8174108672,51.6,8715669504,8174108672,2991064,1893679,58697786880,51206175744,3602,1389,0
1703089270392,0.0,0.0,87.5,0.0,0.0,16889778176,8172683264,51.6,8717094912,8172683264,2991064,1893682,58697786880,51206302720,3602,1389,0
1703089271406,0.0,1.6,87.5,0.0,0.0,16889778176,8173715456,51.6,8716062720,8173715456,2991064,1893686,58697786880,51206343680,3602,1389,0
1703089272409,0.0,0.0,89.1,0.0,0.0,16889778176,8174358528,51.6,8715419648,8174358528,2991064,1893688,58697786880,51206351872,3602,1389,0
1703089273420,0.0,0.0,87.5,0.0,0.0,16889778176,8172998656,51.6,8716779520,8172998656,2991064,1893689,58697786880,51206355968,3602,1389,0
1703089274433,0.0,3.1,84.4,0.0,0.0,16889778176,8173633536,51.6,8716144640,8173633536,2991064,1893697,58697786880,51206392832,3602,1389,0
1703089275436,0.0,0.0,87.5,0.0,0.0,16889778176,8174440448,51.6,8715337728,8174440448,2991064,1893702,58697786880,51206417408,3602,1390,0
1703089276438,0.0,0.0,89.1,0.0,0.0,16889778176,8173412352,51.6,8716365824,8173412352,2991064,1893705,58697786880,51206450176,3602,1390,0
1703089277451,0.0,0.0,96.9,0.0,0.0,16889778176,8182644736,51.6,8707133440,8182644736,2991064,1893707,58697786880,51206470656,3602,1390,0
1703089278453,0.0,1.6,82.8,0.0,0.0,16889778176,8181030912,51.6,8708747264,8181030912,2991064,1893712,58697786880,51206519808,3602,1390,0
1703089279455,0.0,0.0,87.5,0.0,0.0,16889778176,8181796864,51.6,8707981312,8181796864,2991064,1893718,58697786880,51206552576,3602,1390,0
1703089280465,0.0,0.0,95.3,0.0,0.0,16889778176,8183042048,51.6,8706736128,8183042048,2991064,1893726,58697786880,51206745088,3602,1390,0
1703089281467,0.0,1.6,76.6,0.0,0.0,16889778176,8183382016,51.5,8706396160,8183382016,2991064,1893727,58697786880,51206749184,3602,1390,0
1703089282473,0.0,1.6,96.9,0.0,0.0,16889778176,8184410112,51.5,8705368064,8184410112,2991064,1893731,58697786880,51206769664,3602,1390,0
1703089283484,0.0,0.0,87.5,0.0,0.0,16889778176,8185016320,51.5,8704761856,8185016320,2991064,1893734,58697786880,51206781952,3602,1390,0
1703089284495,1.6,0.0,89.1,0.0,0.0,16889778176,8183660544,51.5,8706117632,8183660544,2991064,1893869,58697786880,51207429120,3602,1390,0
1703089285506,4.7,6.2,85.9,0.0,0.0,16889778176,8186089472,51.5,8703688704,8186089472,2991064,1893876,58697786880,51207547904,3602,1390,0
1703089286541,7.8,0.0,78.1,0.0,0.0,16889778176,8133054464,51.8,8756723712,8133054464,2991064,1893880,58697786880,51207564288,3602,1390,1
1703089287562,9.4,1.6,87.5,0.0,0.0,16889778176,7975661568,52.8,8914116608,7975661568,2991064,1893883,58697786880,51207580672,3602,1390,1
1703089288588,6.2,6.2,81.2,0.0,0.0,16889778176,7935696896,53.0,8954081280,7935696896,2991064,1893909,58697786880,51226905600,3602,1390,1
1703089289616,9.9,1.7,88.4,0.0,0.0,16889778176,7957409792,52.9,8932368384,7957409792,2991064,1893935,58697786880,51249507328,3602,1390,1
1703089290729,6.2,0.0,87.5,0.0,0.0,16889778176,7783936000,53.9,9105842176,7783936000,2991064,1893940,58697786880,51249527808,3602,1390,1
1703089291750,10.9,0.0,79.7,0.0,0.0,16889778176,7597436928,55.0,9292341248,7597436928,2991064,1893947,58697786880,51249564672,3602,1390,1
1703089293036,0.0,6.2,76.6,0.0,0.0,16889778176,8477249536,49.8,8412528640,8477249536,2991064,1893951,58697786880,51249634304,3602,1390,0
1703089294051,1.6,1.6,85.9,0.0,0.0,16889778176,8471855104,49.8,8417923072,8471855104,2991066,1893960,58697795072,51249916928,3602,1390,0
1703089295059,0.0,1.6,85.9,0.0,0.0,16889778176,8472436736,49.8,8417341440,8472436736,2991066,1893964,58697795072,51250039808,3602,1390,0
1703089296075,0.0,1.6,90.6,0.0,0.0,16889778176,8469454848,49.9,8420323328,8469454848,2991066,1893967,58697795072,51250052096,3602,1390,0
1703089297086,1.6,0.0,89.1,0.0,0.0,16889778176,8470507520,49.8,8419270656,8470507520,2991066,1893969,58697795072,51250064384,3602,1390,0
1703089298096,4.7,0.0,89.1,0.0,0.0,16889778176,8471314432,49.8,8418463744,8471314432,2991066,1893971,58697795072,51250072576,3602,1390,0
1703089299109,1.6,0.0,96.9,0.0,0.0,16889778176,8471961600,49.8,8417816576,8471961600,2991066,1893972,58697795072,51250080768,3602,1390,0
1703089300111,0.0,1.6,81.2,0.0,0.0,16889778176,8471416832,49.8,8418361344,8471416832,2991066,1893976,58697795072,51250097152,3602,1390,0
1703089301119,0.0,0.0,96.9,0.0,0.0,16889778176,8474185728,49.8,8415592448,8474185728,2991066,1893996,58697795072,51250187264,3602,1391,0
1703089302125,1.6,1.6,84.4,0.0,0.0,16889778176,8470085632,49.9,8419692544,8470085632,2991066,1893998,58697795072,51250195456,3602,1391,0
1703089303133,51.6,37.5,7.8,1.6,0.0,16889778176,8393801728,50.3,8495976448,8393801728,2991072,1893999,58697834496,51250203648,3602,1391,1
1703089304147,0.0,0.0,85.9,0.0,0.0,16889778176,8076742656,52.2,8813035520,8076742656,2991074,1894001,58697868288,51250211840,3602,1391,1
1703089305163,0.0,0.0,90.6,0.0,0.0,16889778176,8082575360,52.1,8807202816,8082575360,2991074,1894006,58697868288,51250330624,3602,1391,1
1703089306175,0.0,0.0,78.1,0.0,0.0,16889778176,8455622656,49.9,8434155520,8455622656,2991074,1894008,58697868288,51250338816,3602,1391,0
1703089307184,0.0,1.6,82.8,0.0,0.0,16889778176,8456458240,49.9,8433319936,8456458240,2991074,1894009,58697868288,51250351104,3602,1391,0
1703089308185,0.0,0.0,92.2,0.0,0.0,16889778176,8455995392,49.9,8433782784,8455995392,2991076,1894012,58697876480,51250363392,3602,1391,0
1703089309197,0.0,0.0,93.8,0.0,0.0,16889778176,8456622080,49.9,8433156096,8456622080,2991076,1894014,58697876480,51250375680,3602,1391,0
1703089310212,0.0,1.6,96.9,0.0,0.0,16889778176,8457633792,49.9,8432144384,8457633792,2991076,1894016,58697876480,51250383872,3602,1391,0
1703089311214,0.0,6.2,81.2,0.0,0.0,16889778176,8456278016,49.9,8433500160,8456278016,2991076,1894019,58697876480,51250400256,3602,1391,0
1703089312227,0.0,0.0,87.5,0.0,0.0,16889778176,8458371072,49.9,8431407104,8458371072,2991076,1894022,58697876480,51250437120,3602,1391,0
1703089313239,0.0,1.5,98.5,0.0,0.0,16889778176,8459079680,49.9,8430698496,8459079680,2991076,1894024,58697876480,51250449408,3602,1391,0
1703089314250,0.0,0.0,87.5,0.0,0.0,16889778176,8456785920,49.9,8432992256,8456785920,2991076,1894025,58697876480,51250453504,3602,1391,0
1703089315255,0.0,0.0,96.9,0.0,0.0,16889778176,8457748480,49.9,8432029696,8457748480,2991076,1894031,58697876480,51250600960,3602,1391,0
1703089316270,59.4,20.3,7.8,0.0,0.0,16889778176,8348172288,50.6,8541605888,8348172288,2991076,1894034,58697876480,51250633728,3602,1391,1
1703089317290,99.2,0.8,0.0,0.0,0.0,16889778176,8150151168,51.7,8739627008,8150151168,2991076,1894066,58697876480,51251559424,3602,1391,1
1703089318302,100.0,0.0,0.0,0.0,0.0,16889778176,8150204416,51.7,8739573760,8150204416,2991076,1894068,58697876480,51251567616,3602,1391,1
1703089319317,0.0,4.7,76.6,0.0,0.0,16889778176,8444440576,50.0,8445337600,8444440576,2991076,1894069,58697876480,51251575808,3602,1391,0
1703089320331,0.0,0.0,82.8,0.0,0.0,16889778176,8446504960,50.0,8443273216,8446504960,2991076,1894075,58697876480,51251710976,3602,1391,0
1703089321342,0.0,1.6,76.6,0.0,0.0,16889778176,8442171392,50.0,8447606784,8442171392,2991078,1894079,58697892864,51251842048,3602,1391,0
1703089322351,0.0,0.0,96.9,0.0,0.0,16889778176,8442859520,50.0,8446918656,8442859520,2991078,1894080,58697892864,51251850240,3602,1391,0
1703089323364,0.0,0.0,87.5,0.0,0.0,16889778176,8444964864,50.0,8444813312,8444964864,2991078,1894084,58697892864,51251887104,3602,1391,0
1703089324365,4.7,4.7,78.1,0.0,0.0,16889778176,8443920384,50.0,8445857792,8443920384,2991078,1894088,58697892864,51251907584,3602,1391,0
1703089325366,0.0,0.0,85.9,0.0,0.0,16889778176,8445501440,50.0,8444276736,8445501440,2991078,1894094,58697892864,51251952640,3602,1391,0
1703089326369,0.0,0.0,100.0,0.0,0.0,16889778176,8443535360,50.0,8446242816,8443535360,2991078,1894095,58697892864,51251960832,3602,1391,0
1703089327376,0.0,0.0,85.9,0.0,0.0,16889778176,8443465728,50.0,8446312448,8443465728,2991078,1894098,58697892864,51251977216,3602,1391,0
1703089328384,0.0,0.0,90.6,0.0,0.0,16889778176,8444116992,50.0,8445661184,8444116992,2991078,1894102,58697892864,51251993600,3602,1391,0
1703089329394,0.0,0.0,89.1,0.0,0.0,16889778176,8443559936,50.0,8446218240,8443559936,2991078,1894104,58697892864,51252005888,3602,1391,0
1703089330410,0.0,1.6,85.9,0.0,0.0,16889778176,8444768256,50.0,8445009920,8444768256,2991078,1894107,58697892864,51252132864,3602,1391,0
1703089331415,0.0,1.6,85.9,0.0,0.0,16889778176,8443523072,50.0,8446255104,8443523072,2991078,1894110,58697892864,51252145152,3602,1391,0
1703089332430,0.0,1.6,85.9,0.0,0.0,16889778176,8444162048,50.0,8445616128,8444162048,2991078,1894112,58697892864,51252153344,3602,1391,0
1703089333435,0.0,1.6,90.6,0.0,0.0,16889778176,8444952576,50.0,8444825600,8444952576,2991078,1894145,58697892864,51252296704,3602,1392,0
1703089334444,0.0,0.0,90.6,0.0,0.0,16889778176,8443449344,50.0,8446328832,8443449344,2991078,1894146,58697892864,51252300800,3602,1392,0
1703089335453,0.0,0.0,85.9,0.0,0.0,16889778176,8446222336,50.0,8443555840,8446222336,2991078,1894151,58697892864,51252407296,3602,1392,0
1703089336464,0.0,0.0,76.6,0.0,0.0,16889778176,8447397888,50.0,8442380288,8447397888,2991078,1894158,58697892864,51252456448,3602,1392,0
1703089337469,0.0,1.6,76.6,0.0,0.0,16889778176,8445296640,50.0,8444481536,8445296640,2991078,1894159,58697892864,51252464640,3602,1392,0
1703089338476,0.0,0.0,84.4,0.0,0.0,16889778176,8445865984,50.0,8443912192,8445865984,2991078,1894167,58697892864,51252546560,3602,1392,0
1703089339489,67.3,31.9,0.0,0.9,0.0,16889778176,8163086336,51.7,8726691840,8163086336,2991078,1894178,58697892864,51252706304,3602,1392,1
1703089340502,0.0,0.0,85.9,0.0,0.0,16889778176,8068956160,52.2,8820822016,8068956160,2991078,1894185,58697892864,51252808704,3602,1392,1
1703089341510,0.0,0.0,98.4,0.0,0.0,16889778176,8065490944,52.2,8824287232,8065490944,2991078,1894186,58697892864,51252816896,3602,1392,1
1703089342521,0.0,3.1,89.1,1.6,0.0,16889778176,8438767616,50.0,8451010560,8438767616,2991078,1894191,58697892864,51252964352,3602,1392,0
1703089343535,0.0,1.6,85.9,0.0,0.0,16889778176,8439181312,50.0,8450596864,8439181312,2991078,1894200,58697892864,51253373952,3602,1392,0
1703089344549,0.0,0.0,100.0,0.0,0.0,16889778176,8441192448,50.0,8448585728,8441192448,2991078,1894202,58697892864,51253382144,3602,1392,0
1703089345565,0.0,0.0,87.5,0.0,0.0,16889778176,8442216448,50.0,8447561728,8442216448,2991078,1894205,58697892864,51253500928,3602,1392,0
1703089346577,0.0,0.0,98.4,0.0,0.0,16889778176,8439468032,50.0,8450310144,8439468032,2991078,1894208,58697892864,51253517312,3602,1392,0
1703089347585,6.2,3.1,82.8,0.0,0.0,16889778176,8439644160,50.0,8450134016,8439644160,2991078,1894212,58697892864,51253545984,3602,1392,0
1703089348592,0.0,1.6,90.6,0.0,0.0,16889778176,8441794560,50.0,8447983616,8441794560,2991078,1894216,58697892864,51253578752,3602,1392,0
1703089349593,0.0,1.6,85.9,0.0,0.0,16889778176,8442466304,50.0,8447311872,8442466304,2991078,1894217,58697892864,51253586944,3602,1392,0
1703089350607,0.0,0.0,87.5,0.0,0.0,16889778176,8441090048,50.0,8448688128,8441090048,2991078,1894248,58697892864,51253840896,3602,1392,0
1703089351614,0.0,4.7,82.8,0.0,0.0,16889778176,8447471616,50.0,8442306560,8447471616,2991078,1894252,58697892864,51253971968,3602,1392,0
1703089352628,18.8,14.1,57.8,0.0,0.0,16889778176,8230694912,51.3,8659083264,8230694912,2991078,1894266,58697892864,51254303744,3602,1392,1
1703089353638,97.4,2.6,0.0,0.0,0.0,16889778176,8136937472,51.8,8752840704,8136937472,2991078,1894267,58697892864,51254311936,3602,1392,1
1703089354644,99.1,0.9,0.0,0.0,0.0,16889778176,8143503360,51.8,8746274816,8143503360,2991078,1894272,58697892864,51254422528,3602,1392,1
1703089355657,0.0,0.0,81.2,0.0,0.0,16889778176,8437219328,50.0,8452558848,8437219328,2991078,1894276,58697892864,51254443008,3602,1392,0
1703089356664,0.0,0.0,84.4,0.0,0.0,16889778176,8438153216,50.0,8451624960,8438153216,2991078,1894278,58697892864,51254451200,3602,1392,0
1703089357667,1.6,0.0,89.1,0.0,0.0,16889778176,8438894592,50.0,8450883584,8438894592,2991078,1894279,58697892864,51254459392,3602,1392,0
1703089358684,4.7,0.0,79.7,0.0,0.0,16889778176,8437706752,50.0,8452071424,8437706752,2991078,1894282,58697892864,51254471680,3602,1392,0
1703089359693,4.7,0.0,85.9,0.0,0.0,16889778176,8440135680,50.0,8449642496,8440135680,2991078,1894285,58697892864,51254488064,3602,1392,0
1703089360698,4.7,1.6,87.5,0.0,0.0,16889778176,8438624256,50.0,8451153920,8438624256,2991078,1894288,58697892864,51254619136,3602,1392,0
1703089361715,1.6,0.0,85.9,0.0,0.0,16889778176,8439902208,50.0,8449875968,8439902208,2991078,1894292,58697892864,51254676480,3602,1393,0
1703089362718,1.6,0.0,89.1,0.0,0.0,16889778176,8440725504,50.0,8449052672,8440725504,2991078,1894295,58697892864,51254692864,3602,1393,0
1703089363728,1.6,1.6,82.8,0.0,0.0,16889778176,8439336960,50.0,8450441216,8439336960,2991078,1894297,58697892864,51254705152,3602,1393,0
1703089364730,1.6,0.0,87.5,0.0,0.0,16889778176,8440037376,50.0,8449740800,8440037376,2991078,1894298,58697892864,51254713344,3602,1393,0
1703089365763,12.5,0.0,79.7,0.0,0.0,16889778176,8331370496,50.7,8558407680,8331370496,2991078,1894302,58697892864,51254729728,3602,1393,1
1703089366801,6.2,1.2,92.6,0.0,0.0,16889778176,8148623360,51.8,8741154816,8148623360,2991078,1894333,58697892864,51254864896,3602,1393,1
1703089367825,3.2,4.3,92.6,0.0,0.0,16889778176,7980937216,52.7,8908840960,7980937216,2991078,1894338,58697892864,51254893568,3602,1393,1
1703089368852,7.8,1.6,81.2,0.0,0.0,16889778176,7806226432,53.8,9083551744,7806226432,2991078,1894338,58697892864,51254893568,3602,1393,1
1703089369869,0.0,0.0,93.8,0.0,0.0,16889778176,7645106176,54.7,9244672000,7645106176,2991078,1894340,58697892864,51254905856,3602,1393,1
1703089370967,9.4,6.2,78.1,0.0,0.0,16889778176,7470460928,55.8,9419317248,7470460928,2991078,1894347,58697892864,51255081984,3602,1393,1
1703089371981,0.0,1.6,85.9,0.0,0.0,16889778176,8438628352,50.0,8451149824,8438628352,2991078,1894350,58697892864,51255098368,3602,1393,0
1703089372984,0.0,0.0,87.5,0.0,0.0,16889778176,8439267328,50.0,8450510848,8439267328,2991078,1894352,58697892864,51255110656,3602,1393,0
1703089374000,0.0,0.0,95.3,0.0,0.0,16889778176,8440033280,50.0,8449744896,8440033280,2991078,1894353,58697892864,51255114752,3602,1393,0
1703089375014,0.0,1.6,84.4,0.0,0.0,16889778176,8439083008,50.0,8450695168,8439083008,2991078,1894355,58697892864,51255127040,3602,1393,0
1703089376028,0.0,0.0,93.8,0.0,0.0,16889778176,8439705600,50.0,8450072576,8439705600,2991078,1894360,58697892864,51255172096,3602,1393,0
1703089377043,0.0,0.0,89.1,0.0,0.0,16889778176,8438272000,50.0,8451506176,8438272000,2991078,1894361,58697892864,51255176192,3602,1393,0
1703089378056,0.0,0.0,78.1,0.0,0.0,16889778176,8439062528,50.0,8450715648,8439062528,2991078,1894364,58697892864,51255192576,3602,1393,0
1703089379063,0.0,0.0,79.7,0.0,0.0,16889778176,8440156160,50.0,8449622016,8440156160,2991078,1894371,58697892864,51255237632,3602,1393,0
1703089380067,0.0,0.0,93.8,0.0,0.0,16889778176,8437886976,50.0,8451891200,8437886976,2991078,1894373,58697892864,51255274496,3602,1393,0
1703089381077,0.0,1.6,76.6,0.0,0.0,16889778176,8440201216,50.0,8449576960,8440201216,2991078,1894377,58697892864,51255417856,3602,1393,0
1703089382091,0.0,1.6,89.1,0.0,0.0,16889778176,8441012224,50.0,8448765952,8441012224,2991078,1894380,58697892864,51255450624,3602,1393,0
1703089383106,0.0,0.0,87.5,0.0,0.0,16889778176,8437731328,50.0,8452046848,8437731328,2991078,1894404,58697892864,51255593984,3602,1393,0
1703089384112,0.0,0.0,90.6,0.0,0.0,16889778176,8438476800,50.0,8451301376,8438476800,2991078,1894406,58697892864,51255606272,3602,1393,0
1703089385118,0.0,1.6,89.1,0.0,0.0,16889778176,8439422976,50.0,8450355200,8439422976,2991078,1894409,58697892864,51255651328,3602,1393,0
1703089386119,0.0,0.0,90.6,0.0,0.0,16889778176,8438185984,50.0,8451592192,8438185984,2991078,1894413,58697892864,51255749632,3602,1393,0
1703089387124,0.0,0.0,84.4,0.0,0.0,16889778176,8439496704,50.0,8450281472,8439496704,2991078,1894415,58697892864,51255761920,3602,1393,0
1703089388132,0.0,0.0,85.9,0.0,0.0,16889778176,8440016896,50.0,8449761280,8440016896,2991078,1894417,58697892864,51255770112,3602,1393,0
1703089389143,0.0,0.0,89.1,0.0,0.0,16889778176,8438124544,50.0,8451653632,8438124544,2991078,1894418,58697892864,51255778304,3602,1393,0
1703089390159,0.0,0.0,87.5,0.0,0.0,16889778176,8439197696,50.0,8450580480,8439197696,2991078,1894420,58697892864,51255786496,3602,1393,0
1703089391161,0.0,0.0,93.8,0.0,0.0,16889778176,8439914496,50.0,8449863680,8439914496,2991078,1894424,58697892864,51255806976,3602,1393,0
1703089392176,65.2,34.8,0.0,0.0,0.0,16889778176,8105152512,52.0,8784625664,8105152512,2991078,1894426,58697892864,51255815168,3602,1393,1
1703089393189,0.0,1.5,98.5,0.0,0.0,16889778176,8054009856,52.3,8835768320,8054009856,2991078,1894427,58697892864,51255823360,3602,1393,1
1703089394196,1.6,0.0,92.2,0.0,0.0,16889778176,8061149184,52.3,8828628992,8061149184,2991078,1894430,58697892864,51255835648,3602,1393,1
1703089395204,0.0,3.1,82.8,0.0,0.0,16889778176,8435539968,50.1,8454238208,8435539968,2991078,1894434,58697892864,51255856128,3602,1393,0
1703089396219,0.0,1.6,87.5,0.0,0.0,16889778176,8435109888,50.1,8454668288,8435109888,2991078,1894440,58697892864,51256003584,3602,1394,0
1703089397220,1.6,1.6,84.4,0.0,0.0,16889778176,8436260864,50.1,8453517312,8436260864,2991078,1894441,58697892864,51256011776,3602,1394,0
1703089398221,3.1,0.0,84.4,0.0,0.0,16889778176,8437850112,50.0,8451928064,8437850112,2991078,1894444,58697892864,51256028160,3602,1394,0
1703089399236,1.6,1.6,84.4,0.0,0.0,16889778176,8436678656,50.0,8453099520,8436678656,2991078,1894460,58697892864,51256110080,3602,1394,0
1703089400239,1.6,1.6,90.6,0.0,0.0,16889778176,8438960128,50.0,8450818048,8438960128,2991078,1894461,58697892864,51256114176,3602,1394,0
1703089401245,0.0,0.0,84.4,0.0,0.0,16889778176,8436981760,50.0,8452796416,8436981760,2991078,1894472,58697892864,51256380416,3602,1394,0
1703089402252,0.0,1.6,85.9,0.0,0.0,16889778176,8439738368,50.0,8450039808,8439738368,2991078,1894474,58697892864,51256388608,3602,1394,0
1703089403266,3.1,1.6,85.9,0.0,0.0,16889778176,8440360960,50.0,8449417216,8440360960,2991078,1894476,58697892864,51256400896,3602,1394,0
1703089404277,1.6,0.0,78.1,0.0,0.0,16889778176,8438456320,50.0,8451321856,8438456320,2991078,1894477,58697892864,51256404992,3602,1394,0
1703089405308,7.1,4.3,88.6,0.0,0.0,16889778176,8342949888,50.6,8546828288,8342949888,2991078,1894480,58697892864,51256421376,3602,1394,1
1703089406339,7.8,4.7,87.5,0.0,0.0,16889778176,8172396544,51.6,8717381632,8172396544,2991078,1894485,58697892864,51256466432,3602,1394,1
1703089407420,7.8,0.0,81.2,0.0,0.0,16889778176,7983980544,52.7,8905797632,7983980544,2991078,1894487,58697892864,51256478720,3602,1394,1
1703089408503,6.2,1.6,85.9,0.0,0.0,16889778176,7807942656,53.8,9081835520,7807942656,2991078,1894490,58697892864,51256491008,3602,1394,1
1703089409533,1.6,0.0,92.2,0.0,0.0,16889778176,7650451456,54.7,9239326720,7650451456,2991078,1894491,58697892864,51256499200,3602,1394,1
1703089410563,0.7,2.2,97.1,0.0,0.0,16889778176,7507566592,55.5,9382211584,7507566592,2991078,1894493,58697892864,51256507392,3602,1394,1
1703089411576,3.1,3.1,84.4,0.0,0.0,16889778176,8439885824,50.0,8449892352,8439885824,2991078,1894498,58697892864,51256626176,3602,1394,0
1703089412590,0.0,0.0,84.4,0.0,0.0,16889778176,8440836096,50.0,8448942080,8440836096,2991078,1894505,58697892864,51256912896,3602,1394,0
1703089413599,0.0,0.0,90.6,0.0,0.0,16889778176,8441065472,50.0,8448712704,8441065472,2991078,1894506,58697892864,51256921088,3602,1394,0
1703089414615,0.0,0.0,89.1,0.0,0.0,16889778176,8437792768,50.0,8451985408,8437792768,2991078,1894509,58697892864,51256933376,3602,1394,0
1703089415624,0.0,0.0,87.5,0.0,0.0,16889778176,8439021568,50.0,8450756608,8439021568,2991078,1894556,58697892864,51257277440,3602,1394,0
1703089416633,0.0,1.6,73.4,0.0,0.0,16889778176,8439930880,50.0,8449847296,8439930880,2991078,1894561,58697892864,51257404416,3602,1394,0
1703089417641,0.0,1.6,85.9,0.0,0.0,16889778176,8440684544,50.0,8449093632,8440684544,2991078,1894562,58697892864,51257408512,3602,1394,0
1703089418646,0.0,0.0,84.4,0.0,0.0,16889778176,8438267904,50.0,8451510272,8438267904,2991078,1894564,58697892864,51257420800,3602,1394,0
1703089419658,0.0,0.0,85.9,0.0,0.0,16889778176,8439037952,50.0,8450740224,8439037952,2991078,1894566,58697892864,51257428992,3602,1394,0
1703089420667,0.0,1.6,67.2,0.0,0.0,16889778176,8437788672,50.0,8451989504,8437788672,2991078,1894567,58697892864,51257437184,3602,1394,0
1703089421671,58.5,16.9,24.6,0.0,0.0,16889778176,8290127872,50.9,8599650304,8290127872,2991078,1894571,58697892864,51257453568,3602,1394,1
1703089422686,94.6,3.8,0.0,1.5,0.0,16889778176,8137125888,51.8,8752652288,8137125888,2991078,1894573,58697892864,51257465856,3602,1394,1
1703089423689,99.2,0.8,0.0,0.0,0.0,16889778176,8138203136,51.8,8751575040,8138203136,2991078,1894575,58697892864,51257474048,3602,1394,1
1703089424691,0.0,1.6,82.8,0.0,0.0,16889778176,8432435200,50.1,8457342976,8432435200,2991078,1894584,58697892864,51257641984,3602,1394,0
1703089425702,1.6,1.6,90.6,0.0,1.6,16889778176,8432656384,50.1,8457121792,8432656384,2991078,1894588,58697892864,51257662464,3602,1394,0
1703089426705,0.0,0.0,82.8,0.0,0.0,16889778176,8433778688,50.1,8455999488,8433778688,2991078,1894593,58697892864,51257789440,3602,1394,0
1703089427712,0.0,0.0,89.1,0.0,0.0,16889778176,8434257920,50.1,8455520256,8434257920,2991078,1894595,58697892864,51257797632,3602,1394,0
1703089428714,0.0,0.0,84.4,0.0,0.0,16889778176,8435044352,50.1,8454733824,8435044352,2991078,1894596,58697892864,51257801728,3602,1394,0
1703089429718,0.0,3.1,79.7,0.0,0.0,16889778176,8434520064,50.1,8455258112,8434520064,2991078,1894600,58697892864,51257900032,3602,1394,0
1703089430730,14.1,0.0,64.1,0.0,0.0,16889778176,8468492288,49.9,8421285888,8468492288,2991079,1894605,58697901056,51257945088,3602,1395,0
1703089431739,0.0,0.0,84.4,0.0,0.0,16889778176,8469499904,49.9,8420278272,8469499904,2991079,1894624,58697901056,51258027008,3602,1395,0
1703089432745,1.6,1.6,87.5,0.0,1.6,16889778176,8470667264,49.8,8419110912,8470667264,2991079,1894626,58697901056,51258063872,3602,1395,0
1703089433760,0.0,0.0,85.9,0.0,0.0,16889778176,8469553152,49.9,8420225024,8469553152,2991079,1894629,58697901056,51258076160,3602,1395,0
1703089434763,0.0,0.0,84.4,0.0,0.0,16889778176,8471912448,49.8,8417865728,8471912448,2991079,1894631,58697901056,51258088448,3602,1395,0
1703089435766,1.6,1.6,78.1,0.0,0.0,16889778176,8471425024,49.8,8418353152,8471425024,2991079,1894633,58697901056,51258096640,3602,1395,0
1703089436780,1.6,1.6,82.8,0.0,0.0,16889778176,8472350720,49.8,8417427456,8472350720,2991079,1894636,58697901056,51258186752,3602,1395,0
1703089437785,0.0,3.1,82.8,0.0,0.0,16889778176,8473182208,49.8,8416595968,8473182208,2991079,1894639,58697901056,51258203136,3602,1395,0
1703089438787,1.6,0.0,89.1,0.0,0.0,16889778176,8472023040,49.8,8417755136,8472023040,2991079,1894642,58697901056,51258215424,3602,1395,0
1703089439798,3.1,1.6,92.2,0.0,0.0,16889778176,8473014272,49.8,8416763904,8473014272,2991079,1894644,58697901056,51258227712,3602,1395,0
1703089440799,0.0,0.0,87.5,0.0,0.0,16889778176,8472150016,49.8,8417628160,8472150016,2991079,1894645,58697901056,51258231808,3602,1395,0
1703089441814,1.6,0.0,84.4,0.0,0.0,16889778176,8474652672,49.8,8415125504,8474652672,2991079,1894650,58697901056,51258280960,3602,1395,0
1703089442829,0.0,0.0,84.4,0.0,0.0,16889778176,8471711744,49.8,8418066432,8471711744,2991079,1894653,58697901056,51258321920,3602,1395,0
1703089443839,0.0,0.0,85.9,0.0,0.0,16889778176,8472387584,49.8,8417390592,8472387584,2991079,1894654,58697901056,51258330112,3602,1395,0
1703089444859,72.8,27.2,0.0,0.0,0.0,16889778176,8178798592,51.6,8710979584,8178798592,2991079,1894657,58697901056,51258342400,3602,1395,1
1703089445861,4.7,1.6,82.8,1.6,0.0,16889778176,8091308032,52.1,8798470144,8091308032,2991079,1894718,58697901056,51258883072,3602,1395,1
1703089446871,3.1,0.0,92.2,0.0,0.0,16889778176,8092061696,52.1,8797716480,8092061696,2991079,1894723,58697901056,51259005952,3602,1395,1
1703089447876,4.7,0.0,79.7,0.0,0.0,16889778176,8468398080,49.9,8421380096,8468398080,2991079,1894724,58697901056,51259014144,3602,1395,0
1703089448889,3.1,1.6,85.9,0.0,0.0,16889778176,8476958720,49.8,8412819456,8476958720,2991079,1894740,58697901056,51259079680,3602,1395,0
1703089449904,1.6,0.0,81.2,0.0,0.0,16889778176,8477233152,49.8,8412545024,8477233152,2991079,1894743,58697901056,51259096064,3602,1395,0
1703089450916,3.1,3.1,81.2,0.0,0.0,16889778176,8469442560,49.9,8420335616,8469442560,2991087,1894778,58698097664,51259567104,3602,1395,0
1703089451932,0.0,0.0,85.9,0.0,0.0,16889778176,8469200896,49.9,8420577280,8469200896,2991087,1894782,58698097664,51259710464,3602,1395,0
1703089452945,0.0,3.1,76.6,0.0,0.0,16889778176,8469598208,49.9,8420179968,8469598208,2991087,1894786,58698097664,51259743232,3602,1395,0
1703089453951,1.6,0.0,90.6,0.0,0.0,16889778176,8466919424,49.9,8422858752,8466919424,2991087,1894791,58698097664,51259780096,3602,1395,0
1703089454952,3.1,0.0,78.1,0.0,0.0,16889778176,8464371712,49.9,8425406464,8464371712,2991090,1894801,58698195968,51259841536,3602,1395,0
1703089455959,3.1,1.6,82.8,0.0,0.0,16889778176,8461230080,49.9,8428548096,8461230080,2991091,1894809,58698200064,51259948032,3602,1395,0
1703089456970,1.6,4.7,76.6,1.6,0.0,16889778176,8454934528,49.9,8434843648,8454934528,2991161,1894843,58698878464,51260369920,3602,1395,0
1703089457994,10.9,3.1,82.8,0.0,0.0,16889778176,8356098048,50.5,8533680128,8356098048,2991369,1894875,58703454720,51260677120,3602,1396,1
1703089459020,10.9,3.1,75.0,0.0,0.0,16889778176,8177623040,51.6,8712155136,8177623040,2991617,1894969,58709778944,51261426688,3602,1396,1
1703089460042,2.5,5.0,92.5,0.0,0.0,16889778176,8026460160,52.5,8863318016,8026460160,2991617,1894970,58709778944,51261438976,3602,1396,1
1703089461069,6.0,2.6,91.4,0.0,0.0,16889778176,7846666240,53.5,9043111936,7846666240,2991617,1894991,58709778944,51261602816,3602,1396,1
1703089462294,9.4,1.6,82.8,0.0,0.0,16889778176,7640952832,54.8,9248825344,7640952832,2991617,1895007,58709778944,51261774848,3602,1396,1
1703089463572,3.1,0.0,85.9,0.0,0.0,16889778176,7452643328,55.9,9437134848,7452643328,2991618,1895025,58709783040,51261950976,3602,1396,1
1703089464574,1.6,0.0,89.1,0.0,0.0,16889778176,8430936064,50.1,8458842112,8430936064,2991619,1895061,58709787136,51262401536,3602,1396,0
1703089465588,0.0,0.0,89.1,0.0,0.0,16889778176,8431783936,50.1,8457994240,8431783936,2991619,1895062,58709787136,51262413824,3602,1396,0
1703089466597,0.0,3.1,78.1,0.0,0.0,16889778176,8433799168,50.1,8455979008,8433799168,2991623,1895066,58709860864,51262499840,3602,1396,0
1703089467602,0.0,0.0,89.1,0.0,0.0,16889778176,8431910912,50.1,8457867264,8431910912,2991623,1895084,58709860864,51262708736,3602,1396,0
1703089468617,0.0,0.0,87.5,0.0,0.0,16889778176,8434147328,50.1,8455630848,8434147328,2991623,1895089,58709860864,51262745600,3602,1396,0
1703089469619,0.0,0.0,93.8,0.0,0.0,16889778176,8443105280,50.0,8446672896,8443105280,2991628,1895093,58709991936,51262794752,3602,1396,0
1703089470634,0.0,0.0,84.4,0.0,0.0,16889778176,8444706816,50.0,8445071360,8444706816,2991628,1895103,58709991936,51262995456,3602,1396,0
1703089471647,0.0,1.6,85.9,0.0,0.0,16889778176,8441585664,50.0,8448192512,8441585664,2991631,1895113,58710004224,51263163392,3602,1396,0
1703089472657,0.0,0.0,87.5,0.0,0.0,16889778176,8442888192,50.0,8446889984,8442888192,2991631,1895118,58710004224,51263253504,3602,1396,0
1703089473661,0.0,0.0,87.5,0.0,0.0,16889778176,8443445248,50.0,8446332928,8443445248,2991631,1895119,58710004224,51263261696,3602,1396,0
1703089474678,69.0,16.9,14.1,0.0,0.0,16889778176,8174043136,51.6,8715735040,8174043136,2991633,1895122,58710012416,51263273984,3602,1396,1
1703089475695,100.0,0.0,0.0,0.0,0.0,16889778176,8143884288,51.8,8745893888,8143884288,2991633,1895124,58710012416,51263286272,3602,1396,1
1703089476707,100.0,0.0,0.0,0.0,0.0,16889778176,8143024128,51.8,8746754048,8143024128,2991633,1895126,58710012416,51263294464,3602,1396,1
1703089477713,0.0,0.0,93.8,0.0,0.0,16889778176,8438190080,50.0,8451588096,8438190080,2991633,1895127,58710012416,51263302656,3602,1396,0
1703089478723,0.0,0.0,85.9,0.0,0.0,16889778176,8438841344,50.0,8450936832,8438841344,2991633,1895131,58710012416,51263323136,3602,1396,0
1703089479728,0.0,1.6,95.3,0.0,0.0,16889778176,8439640064,50.0,8450138112,8439640064,2991633,1895144,58710012416,51263380480,3602,1396,0
1703089480740,0.0,3.1,90.6,0.0,0.0,16889778176,8442793984,50.0,8446984192,8442793984,2991633,1895146,58710012416,51263388672,3602,1396,0
1703089481750,0.0,0.0,81.2,0.0,0.0,16889778176,8443846656,50.0,8445931520,8443846656,2991633,1895147,58710012416,51263396864,3602,1396,0
1703089482754,0.0,1.6,92.2,0.0,0.0,16889778176,8440156160,50.0,8449622016,8440156160,2991633,1895150,58710012416,51263417344,3602,1396,0
1703089483756,0.0,0.0,98.4,0.0,0.0,16889778176,8438775808,50.0,8451002368,8438775808,2991633,1895159,58710012416,51263601664,3602,1396,0
1703089484764,1.6,0.0,87.5,0.0,0.0,16889778176,8439209984,50.0,8450568192,8439209984,2991633,1895162,58710012416,51263618048,3602,1396,0
1703089485765,0.0,0.0,90.6,0.0,0.0,16889778176,8441999360,50.0,8447778816,8441999360,2991633,1895164,58710012416,51263753216,3602,1396,0
1703089486776,0.0,0.0,90.6,0.0,0.0,16889778176,8439115776,50.0,8450662400,8439115776,2991633,1895167,58710012416,51263769600,3602,1396,0
1703089487791,0.0,0.0,93.8,0.0,0.0,16889778176,8440328192,50.0,8449449984,8440328192,2991633,1895169,58710012416,51263777792,3602,1397,0
1703089488804,0.0,0.0,100.0,0.0,0.0,16889778176,8441237504,50.0,8448540672,8441237504,2991633,1895170,58710012416,51263785984,3602,1397,0
1703089489806,0.0,0.0,84.4,0.0,0.0,16889778176,8439709696,50.0,8450068480,8439709696,2991633,1895173,58710012416,51263798272,3602,1397,0
1703089490809,0.0,0.0,95.3,0.0,0.0,16889778176,8441257984,50.0,8448520192,8441257984,2991633,1895177,58710012416,51263818752,3602,1397,0
1703089491822,1.6,1.6,85.9,0.0,0.0,16889778176,8451588096,50.0,8438190080,8451588096,2991635,1895220,58710045696,51264130560,3602,1397,0
1703089492835,0.0,0.0,84.4,0.0,0.0,16889778176,8461799424,49.9,8427978752,8461799424,2991645,1895221,58710213632,51264138752,3603,1397,0
1703089493845,0.0,1.6,85.9,0.0,0.0,16889778176,8462598144,49.9,8427180032,8462598144,2991645,1895232,58710213632,51264187904,3603,1397,0
1703089494847,0.0,0.0,96.9,0.0,0.0,16889778176,8463310848,49.9,8426467328,8463310848,2991645,1895236,58710213632,51264216576,3603,1397,0
1703089495850,0.0,0.0,78.1,0.0,0.0,16889778176,8459862016,49.9,8429916160,8459862016,2991645,1895240,58710213632,51264278016,3603,1397,0
1703089496852,0.0,1.6,92.2,0.0,0.0,16889778176,8460791808,49.9,8428986368,8460791808,2991645,1895241,58710213632,51264286208,3603,1397,0
1703089497870,81.1,18.9,0.0,0.0,0.0,16889778176,8097681408,52.1,8792096768,8097681408,2991645,1895246,58710213632,51264433664,3603,1397,1
1703089498882,0.0,0.0,87.5,0.0,0.0,16889778176,8081641472,52.2,8808136704,8081641472,2991645,1895255,58710213632,51264638464,3603,1397,1
1703089499885,0.0,0.0,87.5,0.0,0.0,16889778176,8081514496,52.2,8808263680,8081514496,2991645,1895259,58710213632,51264658944,3603,1397,1
1703089500896,1.6,0.0,82.8,0.0,0.0,16889778176,8453005312,50.0,8436772864,8453005312,2991645,1895260,58710213632,51264667136,3603,1397,0
1703089501911,0.0,1.6,87.5,0.0,0.0,16889778176,8455102464,49.9,8434675712,8455102464,2991645,1895264,58710213632,51264683520,3603,1397,0
1703089502924,1.6,0.0,84.4,0.0,0.0,16889778176,8456089600,49.9,8433688576,8456089600,2991645,1895268,58710213632,51264704000,3603,1397,0
1703089503934,0.0,0.0,89.1,0.0,0.0,16889778176,8455970816,49.9,8433807360,8455970816,2991645,1895271,58710213632,51264720384,3603,1397,0
1703089504940,0.0,0.0,100.0,0.0,0.0,16889778176,8456122368,49.9,8433655808,8456122368,2991645,1895273,58710213632,51264765440,3603,1397,0
1703089505953,0.0,1.6,87.5,0.0,0.0,16889778176,8458203136,49.9,8431575040,8458203136,2991645,1895276,58710213632,51264798208,3603,1397,0
1703089506958,1.6,0.0,84.4,0.0,0.0,16889778176,8459440128,49.9,8430338048,8459440128,2991645,1895280,58710213632,51264818688,3603,1397,0
1703089507969,0.0,1.6,93.8,1.6,0.0,16889778176,8456921088,49.9,8432857088,8456921088,2991645,1895283,58710213632,51264835072,3603,1397,0
1703089508975,0.0,1.5,98.5,0.0,0.0,16889778176,8457588736,49.9,8432189440,8457588736,2991645,1895283,58710213632,51264835072,3603,1397,0
1703089509990,1.6,0.0,90.6,0.0,0.0,16889778176,8456691712,49.9,8433086464,8456691712,2991645,1895411,58710213632,51265568256,3603,1397,0
1703089511010,5.9,4.4,89.7,0.0,0.0,16889778176,8340725760,50.6,8549052416,8340725760,2991645,1895413,58710213632,51265576448,3603,1397,1
1703089512039,5.3,1.1,93.6,0.0,0.0,16889778176,8175206400,51.6,8714571776,8175206400,2991645,1895419,58710213632,51265732096,3603,1397,1
1703089513057,4.7,0.0,89.1,0.0,0.0,16889778176,8005771264,52.6,8884006912,8005771264,2991645,1895420,58710213632,51265740288,3603,1397,1
1703089514201,7.8,6.2,85.9,0.0,0.0,16889778176,7839195136,53.6,9050583040,7839195136,2991645,1895423,58710213632,51265752576,3603,1397,1
1703089515241,3.1,4.6,92.3,0.0,0.0,16889778176,7684235264,54.5,9205542912,7684235264,2991645,1895429,58710213632,51265838592,3603,1397,1
1703089516269,4.9,3.8,91.4,0.0,0.0,16889778176,7515758592,55.5,9374019584,7515758592,2991645,1895434,58710213632,51265859072,3603,1397,1
1703089517279,0.0,10.9,75.0,0.0,0.0,16889778176,8457699328,49.9,8432078848,8457699328,2991645,1895435,58710213632,51265867264,3603,1397,0
1703089518284,0.0,1.6,82.8,0.0,0.0,16889778176,8458194944,49.9,8431583232,8458194944,2991645,1895438,58710213632,51265883648,3603,1397,0
1703089519291,0.0,1.6,84.4,0.0,0.0,16889778176,8458883072,49.9,8430895104,8458883072,2991645,1895443,58710213632,51265916416,3603,1397,0
1703089520295,0.0,0.0,92.2,0.0,0.0,16889778176,8458334208,49.9,8431443968,8458334208,2991645,1895452,58710213632,51266080256,3603,1398,0
1703089521309,0.0,1.6,76.6,0.0,0.0,16889778176,8459685888,49.9,8430092288,8459685888,2991645,1895453,58710213632,51266088448,3603,1398,0
1703089522321,0.0,1.6,79.7,0.0,0.0,16889778176,8458096640,49.9,8431681536,8458096640,2991645,1895458,58710213632,51266215424,3603,1398,0
1703089523328,0.0,1.6,75.0,0.0,0.0,16889778176,8458682368,49.9,8431095808,8458682368,2991645,1895461,58710213632,51266227712,3603,1398,0
1703089524344,0.0,0.0,81.2,0.0,0.0,16889778176,8459448320,49.9,8430329856,8459448320,2991645,1895463,58710213632,51266240000,3603,1398,0
1703089525359,0.0,1.6,96.9,0.0,0.0,16889778176,8460083200,49.9,8429694976,8460083200,2991645,1895464,58710213632,51266244096,3603,1398,0
1703089526369,0.0,0.0,90.6,0.0,0.0,16889778176,8458600448,49.9,8431177728,8458600448,2991645,1895493,58710213632,51266493952,3603,1398,0
1703089527373,18.8,9.4,57.8,4.7,0.0,16889778176,8402264064,50.3,8487514112,8402264064,2991645,1895496,58710213632,51266510336,3603,1398,1
1703089528382,96.0,2.4,0.0,0.0,1.6,16889778176,8156332032,51.7,8733446144,8156332032,2991645,1895499,58710213632,51266567680,3603,1398,1
1703089529403,100.0,0.0,0.0,0.0,0.0,16889778176,8156217344,51.7,8733560832,8156217344,2991645,1895500,58710213632,51266575872,3603,1398,1
1703089530410,1.6,6.2,73.4,0.0,0.0,16889778176,8455970816,49.9,8433807360,8455970816,2991645,1895504,58710213632,51266592256,3603,1398,0
1703089531423,0.0,0.0,82.8,0.0,0.0,16889778176,8458432512,49.9,8431345664,8458432512,2991645,1895509,58710213632,51266616832,3603,1398,0
1703089532425,0.0,0.0,87.5,0.0,0.0,16889778176,8461230080,49.9,8428548096,8461230080,2991645,1895510,58710213632,51266625024,3603,1398,0
1703089533439,0.0,0.0,93.8,0.0,0.0,16889778176,8465657856,49.9,8424120320,8465657856,2991645,1895513,58710213632,51266637312,3603,1398,0
1703089534445,0.0,0.0,82.8,0.0,0.0,16889778176,8464117760,49.9,8425660416,8464117760,2991645,1895567,58710213632,51267173888,3603,1398,0
1703089535449,3.1,3.1,85.9,0.0,0.0,16889778176,8464158720,49.9,8425619456,8464158720,2991645,1895570,58710213632,51267194368,3603,1398,0
1703089536463,3.1,0.0,75.0,0.0,0.0,16889778176,8464814080,49.9,8424964096,8464814080,2991645,1895575,58710213632,51267337728,3603,1398,0
1703089537477,0.0,1.6,84.4,0.0,0.0,16889778176,8465858560,49.9,8423919616,8465858560,2991645,1895578,58710213632,51267354112,3603,1398,0
1703089538493,4.7,0.0,85.9,0.0,0.0,16889778176,8466542592,49.9,8423235584,8466542592,2991645,1895580,58710213632,51267366400,3603,1398,0
1703089539509,1.6,1.6,82.8,0.0,0.0,16889778176,8464629760,49.9,8425148416,8464629760,2991645,1895582,58710213632,51267378688,3603,1398,0
1703089540518,1.6,0.0,90.6,0.0,0.0,16889778176,8465838080,49.9,8423940096,8465838080,2991645,1895583,58710213632,51267382784,3603,1398,0
1703089541529,1.6,0.0,85.9,0.0,0.0,16889778176,8466477056,49.9,8423301120,8466477056,2991645,1895588,58710213632,51267407360,3603,1398,0
1703089542541,6.2,1.6,79.7,0.0,0.0,16889778176,8465117184,49.9,8424660992,8465117184,2991645,1895615,58710213632,51267526144,3603,1398,0
1703089543545,1.6,0.0,95.3,0.0,0.0,16889778176,8465068032,49.9,8424710144,8465068032,2991645,1895619,58710213632,51267546624,3603,1398,0
1703089544548,0.0,0.0,89.1,0.0,0.0,16889778176,8465444864,49.9,8424333312,8465444864,2991645,1895620,58710213632,51267550720,3603,1398,0
1703089545564,0.0,0.0,90.6,0.0,0.0,16889778176,8465383424,49.9,8424394752,8465383424,2991645,1895623,58710213632,51267567104,3603,1398,0
1703089546574,0.0,0.0,85.9,0.0,0.0,16889778176,8466071552,49.9,8423706624,8466071552,2991645,1895629,58710213632,51267710464,3603,1398,0
1703089547590,1.6,1.6,82.8,0.0,0.0,16889778176,8467517440,49.9,8422260736,8467517440,2991645,1895631,58710213632,51267718656,3603,1398,0
1703089548597,0.0,1.6,85.9,0.0,0.0,16889778176,8465133568,49.9,8424644608,8465133568,2991645,1895633,58710213632,51267808768,3603,1398,0
1703089549604,0.0,0.0,85.9,0.0,0.0,16889778176,8465780736,49.9,8423997440,8465780736,2991645,1895635,58710213632,51267816960,3603,1398,0
1703089550618,66.3,32.6,0.0,1.2,0.0,16889778176,8261791744,51.1,8627986432,8261791744,2991645,1895637,58710213632,51267829248,3603,1398,1
1703089551622,0.0,1.6,85.9,0.0,0.0,16889778176,8089264128,52.1,8800514048,8089264128,2991645,1895649,58710213632,51268103680,3603,1398,1
1703089552623,0.0,0.0,95.3,0.0,0.0,16889778176,8088870912,52.1,8800907264,8088870912,2991645,1895650,58710213632,51268111872,3603,1398,1
1703089553626,0.0,0.0,84.4,0.0,0.0,16889778176,8461758464,49.9,8428019712,8461758464,2991645,1895654,58710213632,51268128256,3603,1399,0
1703089554627,0.0,0.0,85.9,0.0,0.0,16889778176,8464084992,49.9,8425693184,8464084992,2991645,1895656,58710213632,51268140544,3603,1399,0
1703089555628,0.0,1.6,85.9,0.0,0.0,16889778176,8464478208,49.9,8425299968,8464478208,2991645,1895657,58710213632,51268148736,3603,1399,0
1703089556641,0.0,0.0,76.6,0.0,0.0,16889778176,8466120704,49.9,8423657472,8466120704,2991645,1895662,58710213632,51268263424,3603,1399,0
1703089557650,0.0,0.0,90.6,0.0,0.0,16889778176,8466952192,49.9,8422825984,8466952192,2991645,1895664,58710213632,51268275712,3603,1399,0
1703089558660,1.6,0.0,78.1,0.0,0.0,16889778176,8464871424,49.9,8424906752,8464871424,2991645,1895676,58710213632,51268328960,3603,1399,0
1703089559672,0.0,1.6,85.9,0.0,0.0,16889778176,8466223104,49.9,8423555072,8466223104,2991645,1895677,58710213632,51268353536,3603,1399,0
1703089560681,0.0,1.6,82.8,0.0,0.0,16889778176,8464494592,49.9,8425283584,8464494592,2991645,1895682,58710213632,51268378112,3603,1399,0
1703089561692,0.0,0.0,89.1,0.0,0.0,16889778176,8466767872,49.9,8423010304,8466767872,2991645,1895686,58710213632,51268398592,3603,1399,0
1703089562704,0.0,1.6,85.9,0.0,0.0,16889778176,8467890176,49.9,8421888000,8467890176,2991645,1895689,58710213632,51268410880,3603,1399,0
1703089563714,20.3,15.6,59.4,0.0,0.0,16889778176,8283222016,51.0,8606556160,8283222016,2991645,1895690,58710213632,51268419072,3603,1399,1
1703089564736,100.0,0.0,0.0,0.0,0.0,16889778176,8161947648,51.7,8727830528,8161947648,2991645,1895693,58710213632,51268435456,3603,1399,1
1703089565749,100.0,0.0,0.0,0.0,0.0,16889778176,8164597760,51.7,8725180416,8164597760,2991645,1895696,58710213632,51268447744,3603,1399,1
1703089566757,0.0,0.0,84.4,0.0,0.0,16889778176,8463400960,49.9,8426377216,8463400960,2991645,1895702,58710213632,51268595200,3603,1399,0
1703089567762,0.0,0.0,92.2,0.0,0.0,16889778176,8464441344,49.9,8425336832,8464441344,2991645,1895703,58710213632,51268599296,3603,1399,0
1703089568768,0.0,0.0,95.3,0.0,0.0,16889778176,8465379328,49.9,8424398848,8465379328,2991645,1895706,58710213632,51268615680,3603,1399,0
1703089569781,0.0,1.6,84.4,0.0,0.0,16889778176,8465059840,49.9,8424718336,8465059840,2991645,1895709,58710213632,51268627968,3603,1399,0
1703089570787,0.0,0.0,89.1,0.0,0.0,16889778176,8466055168,49.9,8423723008,8466055168,2991645,1895711,58710213632,51268640256,3603,1399,0
1703089571796,0.0,0.0,89.1,0.0,0.0,16889778176,8465281024,49.9,8424497152,8465281024,2991645,1895712,58710213632,51268644352,3603,1399,0
1703089572811,0.0,0.0,98.4,0.0,0.0,16889778176,8466583552,49.9,8423194624,8466583552,2991645,1895717,58710213632,51268689408,3603,1399,0
1703089573819,0.0,1.6,98.4,0.0,0.0,16889778176,8467271680,49.9,8422506496,8467271680,2991645,1895720,58710213632,51268705792,3603,1399,0
1703089574831,0.0,7.8,79.7,0.0,0.0,16889778176,8465420288,49.9,8424357888,8465420288,2991645,1895738,58710213632,51268783616,3603,1399,0
1703089575836,0.0,3.1,95.3,0.0,0.0,16889778176,8466489344,49.9,8423288832,8466489344,2991645,1895739,58710213632,51268791808,3603,1399,0
1703089576864,6.2,4.7,89.1,0.0,0.0,16889778176,8389361664,50.3,8500416512,8389361664,2991645,1895743,58710213632,51268808192,3603,1399,1
1703089577896,7.8,4.7,84.4,0.0,0.0,16889778176,8238252032,51.2,8651526144,8238252032,2991645,1895748,58710213632,51268943360,3603,1399,1
1703089578913,4.4,3.5,92.0,0.0,0.0,16889778176,8053542912,52.3,8836235264,8053542912,2991645,1895753,58710213632,51268972032,3603,1399,1
1703089579936,4.1,0.7,95.2,0.0,0.0,16889778176,7877238784,53.4,9012539392,7877238784,2991645,1895754,58710213632,51268976128,3603,1399,1
1703089580951,0.7,3.0,96.3,0.0,0.0,16889778176,7725391872,54.3,9164386304,7725391872,2991645,1895761,58710213632,51269082624,3603,1399,1
1703089581968,1.6,0.0,96.9,0.0,0.0,16889778176,7574945792,55.2,9314832384,7574945792,2991645,1895765,58710213632,51269099008,3603,1399,1
1703089583202,0.0,6.2,68.8,0.0,0.0,16889778176,8465551360,49.9,8424226816,8465551360,2991645,1895768,58710213632,51269115392,3603,1399,0
1703089584213,0.0,0.0,95.3,0.0,0.0,16889778176,8474505216,49.8,8415272960,8474505216,2991645,1895806,58710213632,51269434880,3603,1399,0
1703089585228,0.0,0.0,84.4,0.0,0.0,16889778176,8477958144,49.8,8411820032,8477958144,2991647,1895809,58710344704,51269451264,3603,1399,0
1703089586235,0.0,0.0,89.1,0.0,0.0,16889778176,8476323840,49.8,8413454336,8476323840,2991647,1895812,58710344704,51269463552,3603,1400,0
1703089587237,0.0,4.7,82.8,0.0,0.0,16889778176,8477450240,49.8,8412327936,8477450240,2991647,1895818,58710344704,51269611008,3603,1400,0
1703089588239,1.6,1.6,85.9,0.0,0.0,16889778176,8475992064,49.8,8413786112,8475992064,2991647,1895819,58710344704,51269615104,3603,1400,0
1703089589242,0.0,0.0,87.5,0.0,0.0,16889778176,8477859840,49.8,8411918336,8477859840,2991647,1895824,58710344704,51269656064,3603,1400,0
1703089590251,1.6,0.0,89.1,0.0,0.0,16889778176,8476663808,49.8,8413114368,8476663808,2991647,1895827,58710344704,51269668352,3603,1400,0
1703089591260,0.0,0.0,84.4,0.0,0.0,16889778176,8480550912,49.8,8409227264,8480550912,2991647,1895863,58710344704,51269840384,3603,1400,0
1703089592269,0.0,1.6,79.7,0.0,0.0,16889778176,8479973376,49.8,8409804800,8479973376,2991647,1895867,58710344704,51269942784,3603,1400,0
1703089593280,3.1,0.0,82.8,0.0,0.0,16889778176,8480526336,49.8,8409251840,8480526336,2991647,1895872,58710344704,51269967360,3603,1400,0
1703089594286,0.0,0.0,92.2,0.0,0.0,16889778176,8481067008,49.8,8408711168,8481067008,2991647,1895874,58710344704,51269975552,3603,1400,0
1703089595300,0.0,0.0,96.9,0.0,0.0,16889778176,8481771520,49.8,8408006656,8481771520,2991647,1895877,58710344704,51270024704,3603,1400,0
1703089596316,0.0,0.0,96.9,0.0,0.0,16889778176,8480763904,49.8,8409014272,8480763904,2991647,1895878,58710344704,51270028800,3603,1400,0
1703089597328,0.0,1.6,78.1,0.0,0.0,16889778176,8481710080,49.8,8408068096,8481710080,2991647,1895882,58710344704,51270049280,3603,1400,0
1703089598336,0.0,0.0,85.9,0.0,0.0,16889778176,8481062912,49.8,8408715264,8481062912,2991647,1895885,58710344704,51270061568,3603,1400,0
1703089599338,4.7,0.0,81.2,0.0,0.0,16889778176,8481116160,49.8,8408662016,8481116160,2991647,1895887,58710344704,51270073856,3603,1400,0
1703089600350,0.0,0.0,87.5,0.0,0.0,16889778176,8480763904,49.8,8409014272,8480763904,2991647,1895888,58710344704,51270077952,3603,1400,0
1703089601365,0.0,0.0,100.0,0.0,0.0,16889778176,8483602432,49.8,8406175744,8483602432,2991647,1895891,58710344704,51270094336,3603,1400,0
1703089602367,0.0,0.0,89.1,0.0,0.0,16889778176,8481796096,49.8,8407982080,8481796096,2991647,1895898,58710344704,51270221312,3603,1400,0
1703089603385,68.7,29.6,0.0,0.9,0.9,16889778176,8305446912,50.8,8584331264,8305446912,2991647,1895900,58710344704,51270233600,3603,1400,1
1703089604389,0.0,0.0,75.0,0.0,0.0,16889778176,8096833536,52.1,8792944640,8096833536,2991647,1895901,58710344704,51270237696,3603,1400,1
1703089605400,0.0,0.0,87.5,0.0,0.0,16889778176,8106233856,52.0,8783544320,8106233856,2991647,1895904,58710344704,51270254080,3603,1400,1
1703089606416,0.0,10.9,71.9,0.0,0.0,16889778176,8481619968,49.8,8408158208,8481619968,2991647,1895906,58710344704,51270262272,3603,1400,0
1703089607431,0.0,0.0,95.3,0.0,0.0,16889778176,8482615296,49.8,8407162880,8482615296,2991647,1895918,58710344704,51270319616,3603,1400,0
1703089608432,0.0,0.0,85.9,0.0,0.0,16889778176,8482988032,49.8,8406790144,8482988032,2991647,1895919,58710344704,51270327808,3603,1400,0
1703089609435,0.0,0.0,85.9,0.0,0.0,16889778176,8484937728,49.8,8404840448,8484937728,2991647,1895922,58710344704,51270340096,3603,1400,0
1703089610449,0.0,0.0,85.9,0.0,0.0,16889778176,8483278848,49.8,8406499328,8483278848,2991647,1895925,58710344704,51270434304,3603,1400,0
1703089611460,1.6,3.1,92.2,0.0,0.0,16889778176,8484560896,49.8,8405217280,8484560896,2991647,1895926,58710344704,51270438400,3603,1400,0
1703089612466,0.0,0.0,87.5,0.0,0.0,16889778176,8483102720,49.8,8406675456,8483102720,2991647,1895933,58710344704,51270610432,3603,1400,0
1703089613481,0.0,0.0,84.4,0.0,0.0,16889778176,8483954688,49.8,8405823488,8483954688,2991647,1895937,58710344704,51270630912,3603,1400,0
1703089614498,0.0,0.0,90.6,0.0,0.0,16889778176,8484560896,49.8,8405217280,8484560896,2991647,1895939,58710344704,51270643200,3603,1400,0
1703089615510,0.0,0.0,85.9,0.0,0.0,16889778176,8485228544,49.8,8404549632,8485228544,2991647,1895940,58710344704,51270647296,3603,1400,0
1703089616538,9.4,3.1,87.5,0.0,0.0,16889778176,8441319424,50.0,8448458752,8441319424,2991647,1895943,58710344704,51270663680,3603,1400,1
1703089617617,4.7,0.0,87.5,0.0,0.0,16889778176,8288374784,50.9,8601403392,8288374784,2991647,1895949,58710344704,51270819328,3603,1400,1
1703089618700,7.8,1.6,87.5,0.0,0.0,16889778176,8135266304,51.8,8754511872,8135266304,2991647,1895955,58710344704,51270860288,3603,1401,1
1703089619731,6.2,0.0,93.8,0.0,0.0,16889778176,7971008512,52.8,8918769664,7971008512,2991647,1895957,58710344704,51270893056,3603,1401,1
1703089620757,4.1,5.4,90.5,0.0,0.0,16889778176,7821500416,53.7,9068277760,7821500416,2991647,1895958,58710344704,51270901248,3603,1401,1
1703089621780,4.7,0.0,84.4,0.0,0.0,16889778176,7676067840,54.6,9213710336,7676067840,2991647,1895962,58710344704,51270917632,3603,1401,1
1703089622992,4.7,1.6,82.8,0.0,0.0,16889778176,7501492224,55.6,9388285952,7501492224,2991647,1895971,58710344704,51271126528,3603,1401,1
1703089623997,0.0,0.0,84.4,0.0,0.0,16889778176,8481165312,49.8,8408612864,8481165312,2991647,1896001,58710344704,51271273984,3603,1401,0
1703089625002,0.0,0.0,92.2,0.0,0.0,16889778176,8481341440,49.8,8408436736,8481341440,2991647,1896002,58710344704,51271282176,3603,1401,0
1703089626017,0.0,0.0,87.5,0.0,0.0,16889778176,8481247232,49.8,8408530944,8481247232,2991647,1896007,58710344704,51271302656,3603,1401,0
1703089627031,0.0,0.0,90.6,0.0,0.0,16889778176,8482201600,49.8,8407576576,8482201600,2991647,1896009,58710344704,51271314944,3603,1401,0
1703089628037,0.0,0.0,93.8,0.0,0.0,16889778176,8483098624,49.8,8406679552,8483098624,2991647,1896014,58710344704,51271421440,3603,1401,0
1703089629046,0.0,0.0,93.8,0.0,0.0,16889778176,8481341440,49.8,8408436736,8481341440,2991647,1896015,58710344704,51271429632,3603,1401,0
1703089630053,0.0,1.6,79.7,0.0,0.0,16889778176,8481955840,49.8,8407822336,8481955840,2991647,1896018,58710344704,51271441920,3603,1401,0
1703089631065,0.0,0.0,85.9,0.0,0.0,16889778176,8481660928,49.8,8408117248,8481660928,2991647,1896021,58710344704,51271462400,3603,1401,0
1703089632081,0.0,0.0,87.5,0.0,0.0,16889778176,8481902592,49.8,8407875584,8481902592,2991647,1896023,58710344704,51271470592,3603,1401,0
1703089633088,0.0,1.6,85.9,0.0,0.0,16889778176,8481914880,49.8,8407863296,8481914880,2991647,1896025,58710344704,51271482880,3603,1401,0
1703089634104,51.6,37.5,7.8,0.0,0.0,16889778176,8278650880,51.0,8611127296,8278650880,2991647,1896029,58710344704,51271503360,3603,1401,1
1703089635111,96.7,2.5,0.0,0.0,0.8,16889778176,8180015104,51.6,8709763072,8180015104,2991647,1896048,58710344704,51271781888,3603,1401,1
1703089636130,100.0,0.0,0.0,0.0,0.0,16889778176,8174358528,51.6,8715419648,8174358528,2991647,1896055,58710344704,51271814656,3603,1401,1
1703089637133,0.0,17.2,59.4,0.0,0.0,16889778176,8576815104,49.2,8312963072,8576815104,2991647,1896056,58710344704,51271826944,3603,1401,0
1703089638144,0.0,14.1,75.0,0.0,0.0,16889778176,8724086784,48.3,8165691392,8724086784,2991647,1896067,58710344704,51272142336,3603,1401,0
1703089639147,0.0,10.9,75.0,0.0,0.0,16889778176,8822104064,47.8,8067674112,8822104064,2991647,1896072,58710344704,51272175104,3603,1401,0
1703089640160,4.7,7.8,75.0,0.0,0.0,16889778176,8903360512,47.3,7986417664,8903360512,2991647,1896214,58710344704,51273756160,3603,1401,0
1703089641170,0.0,3.1,82.8,0.0,0.0,16889778176,8971145216,46.9,7918632960,8971145216,2991647,1896216,58710344704,51273825792,3603,1401,0
1703089642186,6.2,9.4,75.0,0.0,0.0,16889778176,8991301632,46.8,7898476544,8991301632,2991821,1896232,58719173120,51275009536,3603,1401,0
1703089643197,4.7,1.6,90.6,0.0,0.0,16889778176,8976805888,46.9,7912972288,8976805888,2991874,1896246,58720425472,51275537920,3603,1401,0
1703089644200,0.0,1.6,85.9,0.0,0.0,16889778176,8976936960,46.8,7912841216,8976936960,2991876,1896247,58720458240,51275546112,3603,1401,0
1703089645203,0.0,1.6,95.3,0.0,0.0,16889778176,8979181568,46.8,7910596608,8979181568,2991880,1896256,58720568832,51275595264,3603,1402,0
1703089646204,0.0,0.0,98.4,0.0,0.0,16889778176,8979218432,46.8,7910559744,8979218432,2991884,1896262,58720675328,51275623936,3603,1402,0
1703089647219,0.0,0.0,81.2,0.0,0.0,16889778176,8986787840,46.8,7902990336,8986787840,2991884,1896264,58720675328,51275632128,3603,1402,0
1703089648221,0.0,0.0,89.1,0.0,0.0,16889778176,8991121408,46.8,7898656768,8991121408,2991885,1896266,58720687616,51275644416,3603,1402,0
1703089649227,1.6,0.0,87.5,0.0,0.0,16889778176,8998395904,46.7,7891382272,8998395904,2991887,1896270,58720732672,51275660800,3603,1402,0
1703089650230,0.0,0.0,78.1,0.0,0.0,16889778176,8997994496,46.7,7891783680,8997994496,2991889,1896274,58720785920,51275681280,3603,1402,0
1703089651242,0.0,0.0,78.1,0.0,0.0,16889778176,8999260160,46.7,7890518016,8999260160,2991889,1896276,58720785920,51275689472,3603,1402,0
1703089652256,0.0,0.0,98.4,0.0,0.0,16889778176,8995348480,46.7,7894429696,8995348480,2991890,1896278,58720818688,51275746816,3603,1402,0
1703089653259,0.0,0.0,90.6,0.0,0.0,16889778176,8992915456,46.8,7896862720,8992915456,2991891,1896290,58720851456,51276029440,3603,1402,0
1703089654274,0.0,3.1,82.8,0.0,0.0,16889778176,8994013184,46.7,7895764992,8994013184,2991891,1896301,58720851456,51276160512,3603,1402,0
1703089655277,0.0,0.0,93.8,0.0,0.0,16889778176,8993374208,46.8,7896403968,8993374208,2991891,1896304,58720851456,51276197376,3603,1402,0
1703089656286,1.6,1.6,79.7,0.0,0.0,16889778176,8995561472,46.7,7894216704,8995561472,2991891,1896305,58720851456,51276205568,3603,1402,0
1703089657317,9.4,3.1,84.4,0.0,0.0,16889778176,8956465152,47.0,7933313024,8956465152,2991891,1896308,58720851456,51276217856,3603,1402,1
1703089658338,4.6,1.5,93.8,0.0,0.0,16889778176,8905682944,47.3,7984095232,8905682944,2991891,1896313,58720851456,51276242432,3603,1402,1
1703089659358,6.0,3.6,90.4,0.0,0.0,16889778176,8851804160,47.6,8037974016,8851804160,2991891,1896315,58720851456,51276250624,3603,1402,1
1703089660384,9.1,0.0,90.9,0.0,0.0,16889778176,8792674304,47.9,8097103872,8792674304,2991891,1896316,58720851456,51276258816,3603,1402,1
1703089661407,7.8,1.6,84.4,0.0,0.0,16889778176,8743120896,48.2,8146657280,8743120896,2991891,1896319,58720851456,51276271104,3603,1402,1
1703089662491,7.8,3.1,68.8,0.0,0.0,16889778176,8692101120,48.5,8197677056,8692101120,2991891,1896323,58720851456,51276393984,3603,1402,1
1703089663509,9.4,1.6,89.1,0.0,0.0,16889778176,8634167296,48.9,8255610880,8634167296,2991891,1896328,58720851456,51276525056,3603,1402,1
1703089664540,6.2,3.1,76.6,0.0,0.0,16889778176,8581464064,49.2,8308314112,8581464064,2991891,1896329,58720851456,51276533248,3603,1402,1
1703089665559,10.8,0.0,89.2,0.0,0.0,16889778176,8528306176,49.5,8361472000,8528306176,2991891,1896331,58720851456,51276541440,3603,1402,1
1703089666577,8.7,0.0,91.3,0.0,0.0,16889778176,8477659136,49.8,8412119040,8477659136,2991891,1896335,58720851456,51276561920,3603,1402,1
1703089667604,9.4,0.0,89.1,0.0,0.0,16889778176,8426926080,50.1,8462852096,8426926080,2991891,1896337,58720851456,51276570112,3603,1402,1
1703089668627,10.9,0.0,87.5,0.0,0.0,16889778176,8384462848,50.4,8505315328,8384462848,2991891,1896338,58720851456,51276578304,3603,1402,1
1703089670039,9.4,1.6,73.4,0.0,0.0,16889778176,8320724992,50.7,8569053184,8320724992,2991891,1896342,58720851456,51276594688,3603,1402,1
1703089671063,4.7,3.6,91.8,0.0,0.0,16889778176,8246255616,51.2,8643522560,8246255616,2991891,1896441,58720851456,51277114880,3603,1402,1
1703089672085,10.9,0.0,89.1,0.0,0.0,16889778176,8215572480,51.4,8674205696,8215572480,2991891,1896441,58720851456,51277114880,3603,1402,1
1703089673610,12.5,0.0,82.8,0.0,0.0,16889778176,8145211392,51.8,8744566784,8145211392,2991891,1896444,58720851456,51277131264,3603,1402,1
1703089675367,9.4,1.6,81.2,0.0,0.0,16889778176,8041451520,52.4,8848326656,8041451520,2991891,1896452,58720851456,51277340160,3603,1402,1
1703089677459,1.6,0.0,92.2,0.0,0.0,16889778176,8991752192,46.8,7898025984,8991752192,2991891,1896457,58720851456,51277372928,3603,1402,0
1703089678468,0.0,0.0,84.4,0.0,0.0,16889778176,8992747520,46.8,7897030656,8992747520,2991891,1896460,58720851456,51277385216,3603,1402,0
1703089679472,1.6,0.0,89.1,0.0,0.0,16889778176,8992706560,46.8,7897071616,8992706560,2991891,1896462,58720851456,51277397504,3603,1402,0
1703089680481,0.0,0.0,96.9,0.0,0.0,16889778176,8994238464,46.7,7895539712,8994238464,2991891,1896464,58720851456,51277405696,3603,1403,0
1703089681493,0.0,0.0,87.5,0.0,0.0,16889778176,8992231424,46.8,7897546752,8992231424,2991891,1896467,58720851456,51277426176,3603,1403,0
1703089682505,0.0,0.0,85.9,0.0,0.0,16889778176,8993505280,46.8,7896272896,8993505280,2991892,1896470,58720855552,51277442560,3603,1403,0
1703089683515,17.2,0.0,68.8,0.0,0.0,16889778176,8984776704,46.8,7905001472,8984776704,2991892,1896476,58720855552,51277528576,3603,1403,0
1703089684526,0.0,3.1,78.1,0.0,3.1,16889778176,8977719296,46.8,7912058880,8977719296,2991892,1896537,58720855552,51278589440,3603,1403,0
1703089685540,0.0,0.0,81.2,0.0,0.0,16889778176,8986963968,46.8,7902814208,8986963968,2991892,1896628,58720855552,51288849920,3603,1403,0
1703089686548,3.1,1.6,79.7,0.0,1.6,16889778176,8975749120,46.9,7914029056,8975749120,2991893,1896667,58720876032,51290799616,3603,1403,0
1703089687559,67.5,31.2,0.0,1.2,0.0,16889778176,8837378048,47.7,8052400128,8837378048,2991893,1896668,58720876032,51290807808,3603,1403,1
1703089688561,1.6,0.0,84.4,0.0,0.0,16889778176,8587243520,49.2,8302534656,8587243520,2991894,1896671,58720908800,51290824192,3603,1403,1
1703089689567,0.0,1.6,82.8,0.0,0.0,16889778176,8593477632,49.1,8296300544,8593477632,2991895,1896676,58720929280,51290938880,3603,1403,1
1703089690573,0.0,14.1,68.8,0.0,0.0,16889778176,8967847936,46.9,7921930240,8967847936,2991895,1896678,58720929280,51290947072,3603,1403,0
1703089691582,0.0,1.6,89.1,0.0,0.0,16889778176,8966627328,46.9,7923150848,8966627328,2991895,1896682,58720929280,51290967552,3603,1403,0
1703089692588,0.0,0.0,85.9,0.0,0.0,16889778176,8981733376,46.8,7908044800,8981733376,2991895,1896686,58720929280,51290983936,3603,1403,0
1703089693600,0.0,0.0,100.0,0.0,0.0,16889778176,8984444928,46.8,7905333248,8984444928,2991895,1896689,58720929280,51291000320,3603,1403,0
1703089694609,1.6,0.0,73.4,0.0,0.0,16889778176,8984363008,46.8,7905415168,8984363008,2991895,1896691,58720929280,51291008512,3603,1403,0
1703089695621,1.6,1.6,81.2,0.0,0.0,16889778176,8984883200,46.8,7904894976,8984883200,2991895,1896695,58720929280,51291028992,3603,1403,0
1703089696623,0.0,1.6,87.5,0.0,0.0,16889778176,8984997888,46.8,7904780288,8984997888,2991895,1896701,58720929280,51291090432,3603,1403,0
1703089697639,0.0,1.6,82.8,0.0,0.0,16889778176,8986185728,46.8,7903592448,8986185728,2991895,1896703,58720929280,51291098624,3603,1403,0
1703089698651,0.0,0.0,89.1,0.0,0.0,16889778176,8985174016,46.8,7904604160,8985174016,2991895,1896710,58720929280,51291196928,3603,1403,0
1703089699662,0.0,1.6,89.1,0.0,1.6,16889778176,8985075712,46.8,7904702464,8985075712,2991895,1896720,58720929280,51291368960,3603,1403,0
1703089700682,49.3,34.3,16.4,0.0,0.0,16889778176,8866414592,47.5,8023363584,8866414592,2991895,1896728,58720929280,51291475456,3603,1403,1
1703089701692,100.0,0.0,0.0,0.0,0.0,16889778176,8688140288,48.6,8201637888,8688140288,2991895,1896738,58720929280,51291844096,3603,1403,1
1703089702720,100.0,0.0,0.0,0.0,0.0,16889778176,8687742976,48.6,8202035200,8687742976,2991895,1896769,58720929280,51291983360,3603,1404,1
1703089703722,0.0,9.4,82.8,0.0,0.0,16889778176,8982339584,46.8,7907438592,8982339584,2991895,1896770,58720929280,51291991552,3603,1404,0
1703089704732,0.0,0.0,78.1,0.0,0.0,16889778176,8982728704,46.8,7907049472,8982728704,2991895,1896775,58720929280,51292102144,3603,1404,0
1703089705742,0.0,0.0,84.4,0.0,0.0,16889778176,8983539712,46.8,7906238464,8983539712,2991895,1896777,58720929280,51292114432,3603,1404,0
1703089706760,0.0,0.0,98.4,0.0,0.0,16889778176,8983900160,46.8,7905878016,8983900160,2991895,1896779,58720929280,51292130816,3603,1404,0
1703089707772,0.0,1.6,90.6,0.0,0.0,16889778176,8984895488,46.8,7904882688,8984895488,2991895,1896782,58720929280,51292147200,3603,1404,0
1703089708784,1.6,6.2,79.7,0.0,0.0,16889778176,8987287552,46.8,7902490624,8987287552,2991895,1896785,58720929280,51292167680,3603,1404,0
1703089709795,0.0,0.0,82.8,0.0,0.0,16889778176,8985493504,46.8,7904284672,8985493504,2991895,1896789,58720929280,51292196352,3603,1404,0
1703089710811,0.0,0.0,87.5,0.0,0.0,16889778176,8986165248,46.8,7903612928,8986165248,2991895,1896790,58720929280,51292204544,3603,1404,0
1703089711812,0.0,0.0,87.5,0.0,0.0,16889778176,8987136000,46.8,7902642176,8987136000,2991895,1896793,58720929280,51292216832,3603,1404,0
1703089712814,0.0,0.0,87.5,0.0,0.0,16889778176,8988385280,46.8,7901392896,8988385280,2991895,1896797,58720929280,51292241408,3603,1404,0
1703089713816,0.0,0.0,90.6,0.0,0.0,16889778176,8985780224,46.8,7903997952,8985780224,2991895,1896800,58720929280,51292253696,3603,1404,0
1703089714829,0.0,0.0,93.8,0.0,0.0,16889778176,8986501120,46.8,7903277056,8986501120,2991895,1896803,58720929280,51292380672,3603,1404,0
1703089715844,0.0,0.0,87.5,0.0,0.0,16889778176,8987234304,46.8,7902543872,8987234304,2991895,1896806,58720929280,51292392960,3603,1404,0
1703089716853,0.0,0.0,84.4,0.0,0.0,16889778176,8986415104,46.8,7903363072,8986415104,2991895,1896810,58720929280,51292433920,3603,1404,0
1703089717859,0.0,1.6,90.6,0.0,0.0,16889778176,8987652096,46.8,7902126080,8987652096,2991899,1896814,58721003008,51292732928,3603,1404,0
1703089718864,0.0,0.0,87.5,0.0,0.0,16889778176,8989413376,46.8,7900364800,8989413376,2991899,1896815,58721003008,51292737024,3603,1404,0
1703089719865,0.0,0.0,98.4,0.0,0.0,16889778176,8985133056,46.8,7904645120,8985133056,2991899,1896845,58721003008,51292872192,3603,1404,0
1703089720880,0.0,0.0,100.0,0.0,0.0,16889778176,8985735168,46.8,7904043008,8985735168,2991899,1896849,58721003008,51292896768,3603,1404,0
1703089721889,0.0,1.6,96.9,0.0,0.0,16889778176,8987013120,46.8,7902765056,8987013120,2991899,1896850,58721003008,51292900864,3603,1404,0
1703089722894,0.0,0.0,90.6,0.0,0.0,16889778176,8985174016,46.8,7904604160,8985174016,2991899,1896853,58721003008,51292917248,3603,1404,0
1703089723908,40.0,18.5,41.5,0.0,0.0,16889778176,8787468288,48.0,8102309888,8787468288,2991899,1896857,58721003008,51293015552,3603,1404,1
1703089724926,100.0,0.0,0.0,0.0,0.0,16889778176,8687153152,48.6,8202625024,8687153152,2991899,1896862,58721003008,51293154816,3603,1404,1
1703089725941,99.1,0.0,0.0,0.0,0.9,16889778176,8686952448,48.6,8202825728,8686952448,2991899,1896864,58721003008,51293163008,3603,1404,1
1703089726955,0.0,1.6,84.4,0.0,0.0,16889778176,8982204416,46.8,7907573760,8982204416,2991899,1896865,58721003008,51293171200,3603,1404,0
1703089727957,0.0,0.0,96.9,0.0,0.0,16889778176,8983195648,46.8,7906582528,8983195648,2991899,1896868,58721003008,51293187584,3603,1404,0
1703089728969,0.0,0.0,78.1,0.0,0.0,16889778176,8982618112,46.8,7907160064,8982618112,2991899,1896870,58721003008,51293195776,3603,1404,0
1703089729972,0.0,1.6,84.4,0.0,0.0,16889778176,8983871488,46.8,7905906688,8983871488,2991899,1896872,58721003008,51293208064,3603,1404,0
1703089730988,0.0,1.6,85.9,0.0,0.0,16889778176,8984653824,46.8,7905124352,8984653824,2991899,1896926,58721003008,51293736448,3603,1404,0
1703089732001,0.0,1.6,82.8,0.0,0.0,16889778176,8983023616,46.8,7906754560,8983023616,2991899,1896931,58721003008,51293777408,3603,1404,0
1703089733010,0.0,1.6,85.9,0.0,0.0,16889778176,8984150016,46.8,7905628160,8984150016,2991899,1896934,58721003008,51293801984,3603,1404,0
1703089734014,0.0,0.0,89.1,0.0,0.0,16889778176,8984506368,46.8,7905271808,8984506368,2991899,1896935,58721003008,51293810176,3603,1404,0
1703089735024,0.0,1.6,87.5,0.0,0.0,16889778176,8982593536,46.8,7907184640,8982593536,2991899,1896942,58721003008,51293949440,3603,1405,0
1703089736038,0.0,0.0,84.4,0.0,0.0,16889778176,8983216128,46.8,7906562048,8983216128,2991899,1896958,58721003008,51294019072,3603,1405,0
1703089737058,66.4,33.6,0.0,0.0,0.0,16889778176,8649359360,48.8,8240418816,8649359360,2991899,1896960,58721003008,51294027264,3603,1405,1
1703089738060,0.0,0.0,87.5,0.0,0.0,16889778176,8598630400,49.1,8291147776,8598630400,2991899,1896961,58721003008,51294035456,3603,1405,1
1703089739073,0.0,0.0,87.5,0.0,0.0,16889778176,8604999680,49.1,8284778496,8604999680,2991899,1896969,58721003008,51294109184,3603,1405,1
1703089740085,0.0,0.0,78.1,0.0,0.0,16889778176,8980287488,46.8,7909490688,8980287488,2991899,1896974,58721003008,51294244352,3603,1405,0
1703089741091,1.6,4.7,82.8,1.6,0.0,16889778176,8861188096,47.5,8028590080,8861188096,2991899,1896978,58721003008,51294268928,3603,1405,0
1703089742105,7.8,4.7,79.7,0.0,0.0,16889778176,8814313472,47.8,8075464704,8814313472,2991899,1896978,58721003008,51294268928,3603,1405,0
1703089743121,9.4,0.0,73.4,0.0,0.0,16889778176,8810639360,47.8,8079138816,8810639360,2991899,1896982,58721003008,51294293504,3603,1405,0
1703089744124,7.8,0.0,73.4,0.0,0.0,16889778176,8809861120,47.8,8079917056,8809861120,2991899,1896985,58721003008,51294309888,3603,1405,0
1703089745135,10.9,0.0,71.9,0.0,0.0,16889778176,8779771904,48.0,8110006272,8779771904,2991899,1896987,58721003008,51294318080,3603,1405,0
1703089746136,0.0,0.0,78.1,0.0,0.0,16889778176,8789491712,48.0,8100286464,8789491712,2991899,1896991,58721003008,51294363136,3603,1405,0
1703089747160,1.6,3.1,76.6,0.0,0.0,16889778176,8804003840,47.9,8085774336,8804003840,2991899,1896994,58721003008,51294375424,3603,1405,0
1703089748168,0.0,0.0,85.9,0.0,0.0,16889778176,8790749184,48.0,8099028992,8790749184,2991899,1896999,58721003008,51294469632,3603,1405,0
1703089749176,0.0,0.0,79.7,0.0,0.0,16889778176,8790237184,48.0,8099540992,8790237184,2991899,1897001,58721003008,51294555648,3603,1405,0
1703089750201,6.2,4.7,78.1,0.0,0.0,16889778176,8758865920,48.1,8130912256,8758865920,2991899,1897007,58721003008,51294703104,3603,1405,1
1703089751227,8.0,1.0,90.0,0.0,1.0,16889778176,8698785792,48.5,8190992384,8698785792,2991899,1897009,58721003008,51294711296,3603,1405,1
1703089752251,4.9,5.7,88.6,0.0,0.8,16889778176,8643760128,48.8,8246018048,8643760128,2991899,1897037,58721003008,51294846464,3603,1405,1
1703089753274,10.8,0.0,89.2,0.0,0.0,16889778176,8587485184,49.2,8302292992,8587485184,2991899,1897038,58721003008,51294850560,3603,1405,1
1703089754299,7.5,4.6,86.7,0.0,1.2,16889778176,8536047616,49.5,8353730560,8536047616,2991899,1897040,58721003008,51294862848,3603,1405,1
1703089755325,9.4,1.6,84.4,0.0,0.0,16889778176,8477315072,49.8,8412463104,8477315072,2991899,1897045,58721003008,51294965248,3603,1405,1
1703089756633,12.5,1.6,81.2,0.0,0.0,16889778176,8406179840,50.2,8483598336,8406179840,2991899,1897051,58721003008,51294998016,3603,1405,1
1703089757658,4.7,4.7,89.1,0.0,0.0,16889778176,8342994944,50.6,8546783232,8342994944,2991899,1897055,58721003008,51295018496,3603,1405,1
1703089758684,6.0,0.0,94.0,0.0,0.0,16889778176,8276258816,51.0,8613519360,8276258816,2991899,1897056,58721003008,51295026688,3603,1405,1
1703089759712,1.5,0.0,98.5,0.0,0.0,16889778176,8226467840,51.3,8663310336,8226467840,2991899,1897061,58721003008,51295055360,3603,1405,1
1703089760734,4.7,0.0,95.3,0.0,0.0,16889778176,8178106368,51.6,8711671808,8178106368,2991899,1897067,58721003008,51295153664,3603,1405,1
1703089761964,9.6,4.1,86.3,0.0,0.0,16889778176,8088461312,52.1,8801316864,8088461312,2991899,1897071,58721003008,51295174144,3603,1405,1
1703089763480,7.8,0.0,87.5,0.0,0.0,16889778176,7996706816,52.7,8893071360,7996706816,2991899,1897073,58721003008,51295182336,3603,1405,1
1703089765059,10.9,0.0,89.1,0.0,0.0,16889778176,7910260736,53.2,8979517440,7910260736,2991899,1897079,58721003008,51295329792,3603,1405,1
1703089766086,4.7,1.6,92.2,0.0,0.0,16889778176,7818280960,53.7,9071497216,7818280960,2991899,1897084,58721003008,51295723008,3603,1405,1
1703089767112,7.8,0.0,89.1,0.0,0.0,16889778176,7772684288,54.0,9117093888,7772684288,2991900,1897088,58721007104,51295743488,3603,1405,1
